tag,MM,loc_tag,Q1,Q2,Q3,Q4,most_occurrence,RT,Dictyota,BT,C,Caulerpa
A1,April,SBE_APR,RT,Dictyota,RT,Dictyota,RT,2,2,0,0,0
A2,April,SBE_APR,RT,RT,RT,RT,RT,4,0,0,0,0
A3,April,SBE_APR,NA,NA,NA,NA,NA,0,0,0,0,0
A4,April,SBE_APR,RT,RT,Dictyota,Caulerpa,RT,2,1,0,0,1
A5,April,SBE_APR,S,S,OtT,RT,S,1,0,0,0,0
A6,April,SBE_APR,Dictyota,Dictyota,RT,RT,Dictyota,2,2,0,0,0
A7,April,SBE_APR,Dictyota,RT,RT,Dictyota,Dictyota,2,2,0,0,0
A8,April,SBE_APR,RT,Dictyota,RT,ACA,RT,2,1,0,0,0
A9,April,SBE_APR,ABH,RT,RT,RT,RT,3,0,0,1,0
A10,April,SBE_APR,RT,RT,Fol,RT,RT,3,0,0,0,0
A11,April,SBE_APR,RT,RT,Dictyota,Dictyota,RT,2,2,0,0,0
A12,April,SBE_APR,RT,Dictyota,POH,Dictyota,Dictyota,1,2,0,1,0
A13,April,SBE_APR,POH,Dictyota,RT,Dictyota,Dictyota,1,2,0,1,0
A14,April,SBE_APR,RT,Fol,RT,Fol,Fol,2,0,0,0,0
A15,April,SBE_APR,RT,RT,RT,RT,RT,4,0,0,0,0
A16,April,SBE_APR,RT,ACH,RT,S,RT,2,0,0,1,0
A17,April,SBE_APR,RT,OBBH,RT,Caulerpa,RT,2,0,0,1,1
A18,April,SBE_APR,RT,Dictyota,BT,RT,RT,2,1,1,0,0
A19,April,SBE_APR,POH,MEH,Dictyota,RT,,1,1,0,2,0
A20,April,SBE_APR,RT,RT,S,RT,RT,3,0,0,0,0
A21,April,SBE_APR,RT,RT,Rt,RT,RT,4,0,0,0,0
A22,April,SBE_APR,RT,Flesh,R,Flesh,Flesh,1,0,0,0,0
A23,April,SBE_APR,RT,RT,RT,RT,RT,4,0,0,0,0
A24,April,SBE_APR,RT,RT,RT,RT,RT,4,0,0,0,0
A25,April,SBE_APR,RT,Dictyota,Flesh,RT,RT,2,1,0,0,0
A26,April,SBE_APR,MEH,Dictyota,MEH,Dictyota,MEH,0,2,0,2,0
A27,April,SBE_APR,RT,Flesh,Flesh,Flesh,Flesh,1,0,0,0,0
A28,April,SBE_APR,RT,RT,GT,GT,RT,2,0,0,0,0
A29,April,SBE_APR,RT,RT,RT,S,RT,3,0,0,0,0
A30,April,SBE_APR,NA,NA,NA,NA,NA,0,0,0,0,0
A31,April,SBE_APR,RT,Flesh,RT,Flesh,RT,2,0,0,0,0
A32,April,SBE_APR,Dictyota,RT,ABH,RT,RT,2,1,0,1,0
A33,April,SBE_APR,MEH,RT,MEH,RT,MEH,2,0,0,2,0
A34,April,SBE_APR,Dictyota,MEH,RT,MEH,MEH,1,1,0,2,0
A35,April,SBE_APR,RT,RT,RT,RT,RT,4,0,0,0,0
A36,April,SBE_APR,RT,RT,Dictyota,RT,RT,3,1,0,0,0
A37,April,SBE_APR,RT,Dictyota,S,Dictyota,Dictyota,1,2,0,0,0
A38,April,SBE_APR,RT,RT,RT,Flesh,RT,3,0,0,0,0
A39,April,SBE_APR,Flesh,Flesh,Flesh,Flesh,Flesh,0,0,0,0,0
A40,April,SBE_APR,Flesh,Flesh,Flesh,Flesh,Flesh,0,0,0,0,0
A41,April,SBE_APR,Flesh,Flesh,Flesh,Flesh,Flesh,0,0,0,0,0
A42,April,SBE_APR,RT,Dictyota,RT,Dictyota,RT,2,2,0,0,0
A43,April,SBE_APR,RT,Dictyota,RT,Dictyota,RT,2,2,0,0,0
A44,April,SBE_APR,ACA,Dictyota,CCA,Dictyota,Dictyota,0,2,0,0,0
A45,April,SBE_APR,ANH,Dictyota,ANH,ANH,ANH,0,1,0,3,0
A46,April,SBE_APR,Dictyota,Dictyota,Dictyota,Dictyota,Dictyota,0,4,0,0,0
A47,April,EB_APR,Dictyota,Dictyota,Dictyota,Dictyota,Dictyota,0,4,0,0,0
A48,April,EB_APR,MEH,MEH,RT,MEH,MEH,1,0,0,3,0
A49,April,EB_APR,RT,RT,R,RT,RT,3,0,0,0,0
A50,April,EB_APR,RT,PLH,RT,PLH,RT,2,0,0,2,0
A51,April,EB_APR,Flesh,RT,RT,RT,RT,3,0,0,0,0
A52,April,EB_APR,RT,RT,RT,RT,RT,4,0,0,0,0
A53,April,EB_APR,RT,ANH,ANH,ANH,ANH,1,0,0,3,0
A54,April,EB_APR,RT,Dictyota,RT,RT,RT,3,1,0,0,0
A55,April,EB_APR,RT,RT,RT,RT,RT,4,0,0,0,0
A56,April,EB_APR,RT,RT,Dictyota,RT,RT,3,1,0,0,0
A57,April,EB_APR,RT,ABH,RT,RT,RT,3,0,0,1,0
A58,April,EB_APR,RT,RT,RT,RT,RT,4,0,0,0,0
A59,April,EB_APR,RT,RT,RT,RT,RT,4,0,0,0,0
A60,April,EB_APR,OBBH,MEH,NA,MEH,MEH,0,0,0,3,0
A61,April,EB_APR,Anemo,MPH,MPH,MPH,MPH,0,0,0,3,0
A62,April,EB_APR,MPH,MPH,MPH,MPH,MPH,0,0,0,4,0
A63,April,EB_APR,MPH,Anemo,MPH,MPH,MPH,0,0,0,3,0
A64,April,EB_APR,MEH,MPH,MEH,MEH,MEH,0,0,0,4,0
A65,April,EB_APR,MEH,MPH,MEH,MPH,MEH,0,0,0,4,0
A66,April,EB_APR,MEH,MEH,MEH,MPH,MEH,0,0,0,4,0
A67,April,EB_APR,MEH,Dictyota,MPH,Dictyota,Dictyota,0,2,0,2,0
A68,April,EB_APR,Dictyota,Dictyota,Dictyota,MPH,Dictyota,0,3,0,1,0
A69,April,EB_APR,S,Flesh,Leath,R,,0,0,0,0,0
A70,April,EB_APR,RT,RT,RT,Flesh,RT,3,0,0,0,0
A71,April,EB_APR,Dictyota,Dictyota,NA,OBBH,Dictyota,0,2,0,1,0
A72,April,EB_APR,RT,RT,RT,RT,RT,4,0,0,0,0
A73,April,EB_APR,RT,RT,ABH,RT,RT,3,0,0,1,0
A74,April,EB_APR,Dictyota,Dictyota,RT,RT,Dictyota,2,2,0,0,0
A75,April,EB_APR,RT,RT,CCA,RT,RT,3,0,0,0,0
A76,April,EB_APR,RT,RT,RT,RT,RT,4,0,0,0,0
A77,April,EB_APR,Urchin,RT,RT,RT,RT,3,0,0,0,0
A78,April,EB_APR,RT,MEH,RT,RT,RT,3,0,0,1,0
A79,April,EB_APR,MEH,MEH,MEH,MEH,MEH,0,0,0,4,0
A80,April,EB_APR,RT,R,RT,RT,RT,3,0,0,0,0
A81,April,SBW_APR,Dictyota,Flesh,MEH,MEH,MEH,0,1,0,2,0
A82,April,SBW_APR,Dictyota,Dictyota,Dictyota,Dictyota,Dictyota,0,4,0,0,0
A83,April,SBW_APR,Flesh,Dictyota,Flesh,Flesh,Flesh,0,1,0,0,0
A84,April,SBW_APR,Dictyota,Flesh,Dictyota,MEH,Dictyota,0,2,0,1,0
A85,April,SBW_APR,Caulerpa,Flesh,Flesh,Dictyota,Flesh,0,1,0,0,1
A86,April,SBW_APR,MEH,Flesh,MEH,MEH,MEH,0,0,0,3,0
A87,April,SBW_APR,Dictyota,Dictyota,PLH,RT,Dictyota,1,2,0,1,0
A88,April,SBW_APR,RT,RT,S,RT,RT,3,0,0,0,0
A89,April,SBW_APR,Dictyota,Dictyota,Dictyota,Dictyota,Dictyota,0,4,0,0,0
A90,April,SBW_APR,ANH,RT,NA,ABH,,1,0,0,2,0
A91,April,SBW_APR,Dictyota,Dictyota,Dictyota,Dictyota,Dictyota,0,4,0,0,0
A92,April,SBW_APR,RT,RT,RT,RT,RT,4,0,0,0,0
A93,April,SBW_APR,ANH,ANH,ANH,ANH,ANH,0,0,0,4,0
A94,April,SBW_APR,RT,Flesh,ACA,RT,RT,2,0,0,0,0
A95,April,SBW_APR,RT,Dictyota,POH,POH,POH,1,1,0,2,0
A96,April,SBW_APR,OBBH,GT,RT,GT,GT,1,0,0,1,0
A97,April,SBW_APR,RT,POH,RT,BT,RT,2,0,1,1,0
A98,April,SBW_APR,POH,RT,Dictyota,Dictyota,Dictyota,1,2,0,1,0
A99,April,SBW_APR,Dictyota,Dictyota,MEH,Dictyota,Dictyota,0,3,0,1,0
A100,April,SBW_APR,Dictyota,RT,Dictyota,RT,Dictyota,2,2,0,0,0
A101,April,SBW_APR,GT,GT,RT,Flesh,GT,1,0,0,0,0
A102,April,SBW_APR,MPH,MPH,RT,RT,MPH,2,0,0,2,0
A103,April,SBW_APR,RT,RT,RT,RT,RT,4,0,0,0,0
A104,April,SBW_APR,ACA,Flesh,RT,RT,RT,2,0,0,0,0
A105,April,SBW_APR,Flesh,Flesh,Flesh,Dictyota,Flesh,0,1,0,0,0
A106,April,SBW_APR,MEH,MEH,MEH,RT,MEH,1,0,0,3,0
A107,April,SBW_APR,CCA,PLH,Flesh,Flesh,Flesh,0,0,0,1,0
A108,April,SBW_APR,Dictyota,Dictyota,Dictyota,RT,Dictyota,1,3,0,0,0
A109,April,SBW_APR,RT,RT,MEH,MEH,RT,2,0,0,2,0
A110,April,SBW_APR,MEH,Dictyota,Flesh,MEH,MEH,0,1,0,2,0
A111,April,SBW_APR,MEH,MPH,RT,Flesh,,1,0,0,2,0
A112,April,SBW_APR,MEH,RT,RT,RT,RT,3,0,0,1,0
A113,April,SBW_APR,Flesh,Flesh,RT,Flesh,Flesh,1,0,0,0,0
A114,April,SBW_APR,RT,Flesh,S,RT,RT,2,0,0,0,0
A115,April,SBW_APR,MEH,Flesh,MPH,MEH,MEH,0,0,0,3,0
A116,April,SBW_APR,MEH,MEH,MEH,Flesh,MEH,0,0,0,3,0
A117,April,SBW_APR,MEH,MEH,POH,MEH,MEH,0,0,0,4,0
A118,April,SBW_APR,Flesh,MEH,RT,RT,RT,2,0,0,1,0
A119,April,SBW_APR,Dictyota,Dictyota,Dictyota,RT,Dictyota,1,3,0,0,0
A120,April,SBW_APR,Dictyota,Flesh,Flesh,RT,Flesh,1,1,0,0,0
A121,April,SBW_APR,RT,Dictyota,RT,Dictyota,RT,2,2,0,0,0
A122,April,SBW_APR,Dictyota,Dictyota,Dictyota,RT,Dictyota,1,3,0,0,0
A123,April,SBW_APR,RT,RT,RT,RT,RT,4,0,0,0,0
A124,April,SBW_APR,R,MEH,Dictyota,RT,,1,1,0,1,0
A125,April,SBW_APR,MEH,ABH,MPH,Flesh,,0,0,0,3,0
A126,April,SBW_APR,RT,Flesh,RT,RT,RT,3,0,0,0,0
A127,April,SBW_APR,RT,RT,Flesh,RT,RT,3,0,0,0,0
A128,April,SBW_APR,RT,RT,RT,RT,RT,4,0,0,0,0
A129,April,SBW_APR,RT,Dictyota,RT,Dictyota,RT,2,2,0,0,0
A130,April,SBW_APR,Flesh,MEH,Flesh,RT,Flesh,1,0,0,1,0
A131,April,SBW_APR,Flesh,PLH,RT,Flesh,Flesh,1,0,0,1,0
A132,April,SBW_APR,Flesh,Flesh,RT,RT,Flesh,2,0,0,0,0
A133,April,SBW_APR,Flesh,Flesh,RT,RT,Flesh,2,0,0,0,0
A134,April,SBW_APR,RT,RT,RT,RT,RT,4,0,0,0,0
A135,April,SBW_APR,RT,Flesh,Dictyota,PLH,,1,1,0,1,0
A136,April,SBW_APR,RT,RT,MEH,Flesh,RT,2,0,0,1,0
A137,April,SBW_APR,Flesh,Dictyota,Dictyota,RT,Dictyota,1,2,0,0,0
A138,April,SBW_APR,RT,RT,RT,RT,RT,4,0,0,0,0
A139,April,SBW_APR,RT,CCA,Dictyota,RT,RT,2,1,0,0,0
A140,April,SBW_APR,RT,Flesh,OBBH,RT,RT,2,0,0,1,0
A141,April,SBW_APR,Flesh,RT,Flesh,RT,Flesh,2,0,0,0,0
A142,April,SBW_APR,Flesh,MEH,RT,RT,RT,2,0,0,1,0
A143,April,SBW_APR,RT,Flesh,RT,RT,RT,3,0,0,0,0
A144,April,SBW_APR,RT,RT,Flesh,RT,RT,3,0,0,0,0
A145,April,SBW_APR,MEH,MEH,Flesh,Flesh,MEH,0,0,0,2,0
A146,April,SBW_APR,Flesh,MEH,RT,Flesh,Flesh,1,0,0,1,0
A147,April,SBW_APR,Flesh,RT,RT,OBBH,RT,2,0,0,1,0
A148,April,SBW_APR,RT,RT,POH,RT,RT,3,0,0,1,0
A149,April,SBW_APR,POH,POH,RT,MEH,POH,1,0,0,3,0
A150,April,SBW_APR,Flesh,Dictyota,CCA,BT,,0,1,1,0,0
A151,April,SBW_APR,RT,Flesh,Dictyota,RT,RT,2,1,0,0,0
A152,April,SBW_APR,Flesh,RT,Flesh,Flesh,Flesh,1,0,0,0,0
A153,April,SBW_APR,Flesh,RT,RT,Flesh,Flesh,2,0,0,0,0
A154,April,SBW_APR,RT,RT,RT,RT,RT,4,0,0,0,0
A155,April,SBW_APR,Flesh,RT,Flesh,RT,Flesh,2,0,0,0,0
A156,April,SBW_APR,RT,RT,RT,RT,RT,4,0,0,0,0
A157,April,SBW_APR,PLH,GT,RT,MEH,,1,0,0,2,0
A158,April,SBW_APR,BT,Flesh,RT,RT,RT,2,0,1,0,0
A159,April,SBW_APR,Dictyota,Dictyota,RT,Dictyota,Dictyota,1,3,0,0,0
A160,April,SBW_APR,Flesh,Dictyota,RT,RT,RT,2,1,0,0,0
A161,April,SBW_APR,RT,RT,RT,RT,RT,4,0,0,0,0
A162,April,SBW_APR,RT,Dictyota,RT,RT,RT,3,1,0,0,0
A163,April,SBW_APR,MEH,RT,RT,RT,RT,3,0,0,1,0
A164,April,SBW_APR,RT,Dictyota,RT,Dictyota,RT,2,2,0,0,0
A165,April,SBW_APR,RT,RT,RT,RT,RT,4,0,0,0,0
A166,April,SBW_APR,MEH,RT,MEH,RT,MEH,2,0,0,2,0
A167,April,SBW_APR,MEH,RT,MEH,MEH,MEH,1,0,0,3,0
A168,April,SBW_APR,MEH,Dictyota,MEH,MEH,MEH,0,1,0,3,0
A169,April,SBW_APR,RT,RT,RT,Dictyota,RT,3,1,0,0,0
A170,April,SBW_APR,RT,RT,Flesh,RT,RT,3,0,0,0,0
A171,April,SBW_APR,Flesh,RT,RT,RT,RT,3,0,0,0,0
A172,April,SBW_APR,RT,MEH,Flesh,RT,RT,2,0,0,1,0
A173,April,SBW_APR,RT,Dictyota,Flesh,RT,RT,2,1,0,0,0
A174,April,SBW_APR,Dictyota,Flesh,RT,RT,RT,2,1,0,0,0
A175,April,SBW_APR,Flesh,RT,RT,RT,RT,3,0,0,0,0
A176,April,SBW_APR,RT,RT,Flesh,RT,RT,3,0,0,0,0
A177,April,SBW_APR,RT,RT,RT,RT,RT,4,0,0,0,0
A178,April,SBW_APR,Flesh,Dictyota,RT,Dictyota,Dictyota,1,2,0,0,0
A179,April,SBW_APR,RT,RT,RT,RT,RT,4,0,0,0,0
A180,April,SBW_APR,Flesh,RT,Flesh,RT,Flesh,2,0,0,0,0
A181,April,SBW_APR,Flesh,Flesh,Dictyota,Flesh,Flesh,0,1,0,0,0
A182,April,SBW_APR,RT,MEH,MEH,MEH,MEH,1,0,0,3,0
A183,April,SBW_APR,RT,RT,Dictyota,RT,RT,3,1,0,0,0
A184,April,SBW_APR,MEH,ACA,RT,ACA,ACA,1,0,0,1,0
A185,April,SBW_APR,Flesh,Flesh,Flesh,Flesh,Flesh,0,0,0,0,0
A186,April,SBW_APR,RT,Dictyota,MEH,RT,RT,2,1,0,1,0
A187,April,SBW_APR,Flesh,Flesh,ACA,Flesh,Flesh,0,0,0,0,0
A188,April,SBW_APR,RT,RT,ACA,NA,RT,2,0,0,0,0
A189,April,SBW_APR,Dictyota,Dictyota,RT,RT,Dictyota,2,2,0,0,0
A190,April,SBW_APR,RT,MEH,RT,MEH,RT,2,0,0,2,0
A191,April,SBW_APR,RT,RT,Flesh,RT,RT,3,0,0,0,0
A192,April,SBW_APR,RT,GOH,RT,RT,RT,3,0,0,1,0
A193,April,SBW_APR,Flesh,RT,RT,RT,RT,3,0,0,0,0
A194,April,SBW_APR,RT,RT,RT,MEH,RT,3,0,0,1,0
A195,April,SBW_APR,RT,RT,ANH,ANH,RT,2,0,0,2,0
A196,April,SBW_APR,Flesh,RT,RT,RT,RT,3,0,0,0,0
A197,April,SBW_APR,RT,RT,RT,RT,RT,4,0,0,0,0
A198,April,SBW_APR,RT,RT,RT,RT,RT,4,0,0,0,0
A199,April,SBW_APR,RT,ABH,RT,RT,RT,3,0,0,1,0
A200,April,SBW_APR,RT,RT,RT,RT,RT,4,0,0,0,0
A201,April,SBW_APR,RT,RT,RT,RT,RT,4,0,0,0,0
A202,April,SBW_APR,OBBH,MPH,NA,MPH,MPH,0,0,0,3,0
A203,April,SBW_APR,MEH,MPH,MEH,MEH,MEH,0,0,0,4,0
A204,April,SBW_APR,MEH,MPH,MEH,MEH,MEH,0,0,0,4,0
A205,April,SBW_APR,MPH,MPH,MEH,MEH,MPH,0,0,0,4,0
A206,April,SBW_APR,MEH,MPH,MEH,MEH,MEH,0,0,0,4,0
A207,April,SBW_APR,MEH,MEH,MEH,MPH,MEH,0,0,0,4,0
A208,April,SBW_APR,MEH,MEH,MEH,MPH,MEH,0,0,0,4,0
A209,April,SBW_APR,MEH,Dictyota,MEH,RT,MEH,1,1,0,2,0
A210,April,SBW_APR,Dictyota,Dictyota,Dictyota,MEH,Dictyota,0,3,0,1,0
A211,April,SBW_APR,R,Flesh,Leath,Flesh,Flesh,0,0,0,0,0
A212,April,SBW_APR,Flesh,RT,RT,Flesh,Flesh,2,0,0,0,0
A213,April,SBW_APR,Dictyota,Dictyota,R,OBBH,Dictyota,0,2,0,1,0
A214,April,SBW_APR,RT,RT,RT,RT,RT,4,0,0,0,0
A215,April,SBW_APR,RT,RT,ABH,RT,RT,3,0,0,1,0
A216,April,SBW_APR,RT,RT,RT,RT,RT,4,0,0,0,0
A217,April,SBW_APR,RT,RT,RT,RT,RT,4,0,0,0,0
A218,April,SBW_APR,RT,Dictyota,RT,RT,RT,3,1,0,0,0
A219,April,SBW_APR,Urchin,RT,RT,RT,RT,3,0,0,0,0
A220,April,SBW_APR,RT,MEH,RT,RT,RT,3,0,0,1,0
A221,April,SBW_APR,MEH,MEH,MEH,MEH,MEH,0,0,0,4,0
A222,April,SBW_APR,Flesh,Flesh,RT,RT,Flesh,2,0,0,0,0
A223,April,CB_APR,Flesh,OBBH,PLH,OBBH,OBBH,0,0,0,3,0
A224,April,CB_APR,Dictyota,Dictyota,MEH,Dictyota,Dictyota,0,3,0,1,0
A225,April,CB_APR,Dictyota,RT,RT,RT,RT,3,1,0,0,0
A226,April,CB_APR,RT,OBBH,RT,MEH,RT,2,0,0,2,0
A227,April,CB_APR,Dictyota,MEH,MEH,MEH,MEH,0,1,0,3,0
A228,April,CB_APR,ACA,Flesh,RT,RT,RT,2,0,0,0,0
A229,April,CB_APR,RT,RT,Flesh,RT,RT,3,0,0,0,0
A230,April,CB_APR,Dictyota,Dictyota,GOH,PLH,Dictyota,0,2,0,2,0
A231,April,CB_APR,ANH,RT,RT,RT,RT,3,0,0,1,0
A232,April,CB_APR,RT,RT,RT,RT,RT,4,0,0,0,0
A233,April,CB_APR,RT,RT,RT,RT,RT,4,0,0,0,0
A234,April,CB_APR,R,R,RT,Flesh,R,1,0,0,0,0
A235,April,CB_APR,RT,NA,RT,RT,RT,3,0,0,0,0
A236,April,CB_APR,MEH,RT,Flesh,RT,RT,2,0,0,1,0
A237,April,CB_APR,MEH,MEH,RT,MEH,MEH,1,0,0,3,0
A238,April,CB_APR,R,RT,RT,Flesh,RT,2,0,0,0,0
A239,April,CB_APR,Flesh,ACA,Flesh,Flesh,Flesh,0,0,0,0,0
A240,April,CB_APR,MEH,MEH,RT,RT,MEH,2,0,0,2,0
A241,April,CB_APR,Flesh,MEH,R,MEH,MEH,0,0,0,2,0
A242,April,CB_APR,R,R,RT,R,R,1,0,0,0,0
A243,April,CB_APR,Flesh,OBBH,NA,MEH,,0,0,0,2,0
A244,April,CB_APR,MEH,MEH,MEH,MEH,MEH,0,0,0,4,0
A245,April,CB_APR,Dictyota,Flesh,RT,RT,RT,2,1,0,0,0
A246,April,CB_APR,R,Dictyota,RT,RT,RT,2,1,0,0,0
A247,April,CB_APR,Flesh,Flesh,Flesh,Flesh,Flesh,0,0,0,0,0
A248,April,CB_APR,Flesh,Dictyota,Urchin,Ascd,,0,1,0,0,0
A249,April,CB_APR,Dictyota,Dictyota,S,Flesh,Dictyota,0,2,0,0,0
A250,April,CB_APR,RT,RT,GT,Urchin,RT,2,0,0,0,0
A251,April,CB_APR,RT,Dictyota,RT,RT,RT,3,1,0,0,0
A252,April,CB_APR,RT,MEH,RT,Flesh,RT,2,0,0,1,0
A253,April,CB_APR,Flesh,OBBH,RT,MEH,,1,0,0,2,0
A254,April,CB_APR,RT,RT,RT,RT,RT,4,0,0,0,0
A255,April,CB_APR,ACH,MEH,MEH,MEH,MEH,0,0,0,4,0
A256,April,CB_APR,Dictyota,Dictyota,S,S,Dictyota,0,2,0,0,0
A257,April,CB_APR,MEH,MEH,S,MEH,MEH,0,0,0,3,0
A258,April,CB_APR,RT,OBBH,RT,RT,RT,3,0,0,1,0
A259,April,CB_APR,RT,RT,RT,RT,RT,4,0,0,0,0
A260,April,CB_APR,RT,R,Dictyota,RT,RT,2,1,0,0,0
A261,April,CB_APR,Flesh,Flesh,RT,RT,Flesh,2,0,0,0,0
A262,April,CB_APR,MEH,MEH,MEH,MEH,MEH,0,0,0,4,0
A263,April,CB_APR,MEH,MEH,RT,MEH,MEH,1,0,0,3,0
A264,April,CB_APR,Dictyota,DIctyota,MEH,MEH,Dictyota,0,2,0,2,0
A265,April,CB_APR,Dictyota,ACA,ACA,RT,ACA,1,1,0,0,0
A266,April,CB_APR,Flesh,Flesh,Flesh,Flesh,Flesh,0,0,0,0,0
A267,April,CB_APR,R,Dictyota,RT,RT,RT,2,1,0,0,0
A268,April,CB_APR,GOH,ACA,Flesh,Flesh,Flesh,0,0,0,1,0
A269,April,CB_APR,Flesh,Ascd,Flesh,Ascd,Flesh,0,0,0,0,0
A270,April,CB_APR,Flesh,OBBH,Flesh,Flesh,Flesh,0,0,0,1,0
A271,April,CB_APR,Flesh,RT,R,S,,1,0,0,0,0
A272,April,CB_APR,Dictyota,Flesh,Flesh,Flesh,Flesh,0,1,0,0,0
A273,April,CB_APR,Flesh,OBBH,Flesh,Dictyota,Flesh,0,1,0,1,0
A274,April,CB_APR,RT,Dictyota,RT,OBBH,RT,2,1,0,1,0
A275,April,CB_APR,Flesh,Flesh,Flesh,MEH,Flesh,0,0,0,1,0
A276,April,CB_APR,Flesh,Flesh,Flesh,RT,Flesh,1,0,0,0,0
A277,April,CB_APR,Flesh,Flesh,R,R,Flesh,0,0,0,0,0
A278,April,CB_APR,Flesh,PLH,Flesh,Flesh,Flesh,0,0,0,1,0
A279,April,CB_APR,Flesh,Flesh,Caulerpa,RT,Flesh,1,0,0,0,1
A280,April,CB_APR,Flesh,Flesh,Flesh,RT,Flesh,1,0,0,0,0
A281,April,CB_APR,Flesh,Flesh,Flesh,Flesh,Flesh,0,0,0,0,0
A282,April,CB_APR,Dictyota,Dictyota,Flesh,Dictyota,Dictyota,0,3,0,0,0
A283,April,CB_APR,Flesh,Flesh,Dictyota,Flesh,Flesh,0,1,0,0,0
A284,April,CB_APR,Flesh,Flesh,RT,OBBH,Flesh,1,0,0,1,0
A285,April,CB_APR,Flesh,RT,MEH,RT,RT,2,0,0,1,0
A286,April,CB_APR,Flesh,Flesh,Caulerpa,Caulerpa,Flesh,0,0,0,0,2
A287,April,CB_APR,Dictyota,RT,MEH,MEH,MEH,1,1,0,2,0
A288,April,CB_APR,Caulerpa,RT,RT,Caulerpa,Caulerpa,2,0,0,0,2
A289,April,CB_APR,RT,Flesh,RT,Dictyota,RT,2,1,0,0,0
A290,April,CB_APR,RT,RT,RT,ABH,RT,3,0,0,1,0
A291,April,CB_APR,NA,NA,NA,NA,NA,0,0,0,0,0
A292,April,CB_APR,RT,Flesh,RT,MEH,RT,2,0,0,1,0
A293,April,CB_APR,MEH,MEH,MEH,RT,MEH,1,0,0,3,0
A294,April,CB_APR,MEH,Flesh,MEH,OBBH,MEH,0,0,0,3,0
A295,April,CB_APR,RT,RT,RT,RT,RT,4,0,0,0,0
A296,April,CB_APR,RT,MEH,MEH,MEH,MEH,1,0,0,3,0
A297,April,CB_APR,RT,MEH,Dictyota,Dictyota,Dictyota,1,2,0,1,0
A298,April,CB_APR,RT,Dictyota,RT,Dictyota,RT,2,2,0,0,0
A299,April,CB_APR,RT,Dictyota,Flesh,Dictyota,Dictyota,1,2,0,0,0
A300,April,CB_APR,RT,RT,Dictyota,RT,RT,3,1,0,0,0
A301,April,CB_APR,MEH,MEH,RT,MEH,MEH,1,0,0,3,0
A302,April,CB_APR,NA,NA,NA,NA,NA,0,0,0,0,0
A303,April,CB_APR,RT,Dictyota,RT,RT,RT,3,1,0,0,0
A304,April,CB_APR,Anemo,Flesh,Flesh,Dictyota,Flesh,0,1,0,0,0
A305,April,CB_APR,Dictyota,RT,S,RT,RT,2,1,0,0,0
A306,April,CB_APR,Dictyota,OBBH,MEH,MEH,MEH,0,1,0,3,0
A307,April,CB_APR,Flesh,Flesh,Flesh,Flesh,Flesh,0,0,0,0,0
A308,April,CB_APR,Flesh,Dictyota,Flesh,Dictyota,Flesh,0,2,0,0,0
A309,April,CB_APR,OBBH,S,R,Dictyota,,0,1,0,1,0
A310,April,CB_APR,R,Flesh,Flesh,Dictyota,Flesh,0,1,0,0,0
A311,April,CB_APR,GOH,RT,GOH,Dictyota,GOH,1,1,0,2,0
A312,April,CB_APR,Flesh,RT,R,OBBH,,1,0,0,1,0
D1,December,EB_DEC,MEH,MEH,MEH,OBBH,MEH,0,0,0,4,0
D2,December,EB_DEC,MEH,MEH,MEH,OBBH,MEH,0,0,0,4,0
D3,December,EB_DEC,Flesh,OBBH,R,Flesh,Flesh,0,0,0,1,0
D4,December,EB_DEC,Dictyota,Dictyota,Flesh,Flesh,Dictyota,0,2,0,0,0
D5,December,EB_DEC,GT,POH,Anemo,BT,,0,0,1,1,0
D6,December,EB_DEC,PLH,Flesh,GT,Flesh,Flesh,0,0,0,1,0
D7,December,EB_DEC,R,Dictyota,Anemo,Dictyota,Dictyota,0,2,0,0,0
D8,December,EB_DEC,Dictyota,Dictyota,RT,R,Dictyota,1,2,0,0,0
D9,December,EB_DEC,Flesh,GT,BT,BT,BT,0,0,2,0,0
D10,December,EB_DEC,Flesh,Flesh,Dictyota,BT,Flesh,0,1,1,0,0
D11,December,EB_DEC,BT,BT,BT,BT,BT,0,0,4,0,0
D12,December,EB_DEC,GT,GT,GT,GT,GT,0,0,0,0,0
D13,December,EB_DEC,Dictyota,Dictyota,BT,RT,Dictyota,1,2,1,0,0
D14,December,EB_DEC,GT,Flesh,BT,BT,BT,0,0,2,0,0
D15,December,EB_DEC,Dictyota,Dictyota,BT,Dictyota,Dictyota,0,3,1,0,0
D16,December,EB_DEC,GT,Dictyota,BT,BT,BT,0,1,2,0,0
D17,December,EB_DEC,Dictyota,BT,Caulerpa,Flesh,,0,1,1,0,1
D18,December,EB_DEC,Flesh,Dictyota,BT,Flesh,Flesh,0,1,1,0,0
D19,December,EB_DEC,RT,Flesh,RT,Dictyota,RT,2,1,0,0,0
D20,December,EB_DEC,Dictyota,Dictyota,Dictyota,Dictyota,Dictyota,0,4,0,0,0
D21,December,EB_DEC,POH,POH,OBBH,Dictyota,POH,0,1,0,3,0
D22,December,EB_DEC,Flesh,MEH,Flesh,Dictyota,Flesh,0,1,0,1,0
D23,December,EB_DEC,Dictyota,Dictyota,Dictyota,Dictyota,Dictyota,0,4,0,0,0
D24,December,EB_DEC,Dictyota,MEH,Dictyota,MEH,Dictyota,0,2,0,2,0
D25,December,EB_DEC,Flesh,Flesh,Flesh,Flesh,Flesh,0,0,0,0,0
D26,December,EB_DEC,BT,Caulerpa,Flesh,Caulerpa,Caulerpa,0,0,1,0,2
D27,December,EB_DEC,Dictyota,GT,Dictyota,Flesh,Dictyota,0,2,0,0,0
D28,December,EB_DEC,POH,Caulerpa,Flesh,Caulerpa,Caulerpa,0,0,0,1,2
D29,December,EB_DEC,R,Dictyota,R,R,R,0,1,0,0,0
D30,December,EB_DEC,MEH,Flesh,MEH,R,MEH,0,0,0,2,0
D31,December,EB_DEC,ABH,Dictyota,MEH,MEH,MEH,0,1,0,3,0
D32,December,EB_DEC,GT,Flesh,R,Caulerpa,,0,0,0,0,1
D33,December,EB_DEC,Dictyota,Caulerpa,Caulerpa,Caulerpa,Caulerpa,0,1,0,0,3
D34,December,EB_DEC,Dictyota,Dictyota,R,POH,Dictyota,0,2,0,1,0
D35,December,EB_DEC,Flesh,Flesh,Dictyota,Flesh,Flesh,0,1,0,0,0
D36,December,EB_DEC,Flesh,Dictyota,Urchin,Dictyota,Dictyota,0,2,0,0,0
D37,December,EB_DEC,Flesh,R,MEH,R,R,0,0,0,1,0
D38,December,EB_DEC,Caulerpa,Caulerpa,R,BT,Caulerpa,0,0,1,0,2
D39,December,EB_DEC,BT,BT,MEH,BT,BT,0,0,3,1,0
D40,December,EB_DEC,BT,Caulerpa,Caulerpa,Caulerpa,Caulerpa,0,0,1,0,3
D41,December,EB_DEC,BT,Flesh,R,ANH,,0,0,1,1,0
D42,December,EB_DEC,POH,Caulerpa,Flesh,Caulerpa,Caulerpa,0,0,0,1,2
D43,December,EB_DEC,ANH,Dictyota,Dictyota,MEH,Dictyota,0,2,0,2,0
D44,December,EB_DEC,R,Flesh,R,Flesh,R,0,0,0,0,0
D45,December,EB_DEC,Dictyota,Flesh,Flesh,Flesh,Flesh,0,1,0,0,0
D46,December,SBE_DEC,BT,BT,Dictyota,Dictyota,BT,0,2,2,0,0
D47,December,SBE_DEC,S,BT,S,BT,S,0,0,2,0,0
D48,December,SBE_DEC,Caulerpa,Caulerpa,Flesh,Flesh,Caulerpa,0,0,0,0,2
D49,December,SBE_DEC,Caulerpa,Caulerpa,BT,Caulerpa,Caulerpa,0,0,1,0,3
D50,December,SBE_DEC,Caulerpa,BT,RT,BT,BT,1,0,2,0,1
D51,December,SBE_DEC,Dictyota,Caulerpa,Caulerpa,Caulerpa,Caulerpa,0,1,0,0,3
D52,December,SBE_DEC,BT,BT,R,R,BT,0,0,2,0,0
D53,December,SBE_DEC,BT,BT,RT,RT,BT,2,0,2,0,0
D54,December,SBE_DEC,Caulerpa,Caulerpa,Caulerpa,Caulerpa,Caulerpa,0,0,0,0,4
D55,December,SBE_DEC,Flesh,ACA,ACA,ACA,ACA,0,0,0,0,0
D56,December,SBE_DEC,BT,BT,Flesh,MEH,BT,0,0,2,1,0
D57,December,SBE_DEC,Dictyota,Flesh,GT,BT,,0,1,1,0,0
D58,December,SBE_DEC,Flesh,Flesh,BT,Flesh,Flesh,0,0,1,0,0
D59,December,SBE_DEC,Flesh,BT,BT,RT,BT,1,0,2,0,0
D60,December,SBE_DEC,R,BT,BT,Flesh,BT,0,0,2,0,0
D61,December,SBE_DEC,Caulerpa,Caulerpa,Caulerpa,Caulerpa,Caulerpa,0,0,0,0,4
D62,December,SBE_DEC,RT,BT,Flesh,Flesh,Flesh,1,0,1,0,0
D63,December,SBE_DEC,Flesh,ABH,BT,Flesh,Flesh,0,0,1,1,0
D64,December,SBE_DEC,Caulerpa,Dictyota,Flesh,Caulerpa,Caulerpa,0,1,0,0,2
D65,December,SBE_DEC,Flesh,MEH,PLH,Flesh,Flesh,0,0,0,2,0
D66,December,SBE_DEC,R,R,R,BT,R,0,0,1,0,0
D67,December,SBE_DEC,Flesh,Flesh,Flesh,Flesh,Flesh,0,0,0,0,0
D68,December,SBE_DEC,BT,Dictyota,BT,MEH,BT,0,1,2,1,0
D69,December,SBE_DEC,Caulerpa,Caulerpa,Caulerpa,Caulerpa,Caulerpa,0,0,0,0,4
D70,December,SBE_DEC,Flesh,BT,Caulerpa,Caulerpa,Caulerpa,0,0,1,0,2
D71,December,SBE_DEC,ABH,Dictyota,Dictyota,MEH,Dictyota,0,2,0,2,0
D72,December,SBE_DEC,Flesh,BT,Dictyota,BT,BT,0,1,2,0,0
D73,December,SBE_DEC,Dictyota,PLH,BT,BT,BT,0,1,2,1,0
D74,December,SBE_DEC,Dictyota,Flesh,Flesh,Flesh,Flesh,0,1,0,0,0
D75,December,SBE_DEC,Flesh,GOH,Flesh,Flesh,Flesh,0,0,0,1,0
D76,December,SBE_DEC,Dictyota,Dictyota,MEH,Dictyota,Dictyota,0,3,0,1,0
D77,December,SBE_DEC,MPH,BT,R,Flesh,,0,0,1,1,0
D78,December,SBE_DEC,MEH,MEH,Dictyota,MEH,MEH,0,1,0,3,0
D79,December,SBE_DEC,Flesh,Flesh,Flesh,Flesh,Flesh,0,0,0,0,0
D80,December,SBE_DEC,Flesh,Flesh,ABH,Dictyota,Flesh,0,1,0,1,0
D81,December,SBE_DEC,MEH,MEH,BT,POH,MEH,0,0,1,3,0
D82,December,SBE_DEC,Flesh,Flesh,Dictyota,Flesh,Flesh,0,1,0,0,0
D83,December,SBE_DEC,Flesh,RT,Dictyota,Flesh,Flesh,1,1,0,0,0
D84,December,SBE_DEC,Flesh,Caulerpa,Flesh,MEH,Flesh,0,0,0,1,1
D85,December,SBE_DEC,POH,BT,Dictyota,Flesh,,0,1,1,1,0
D86,December,SBE_DEC,ABH,Dictyota,Dictyota,Dictyota,Dictyota,0,3,0,1,0
D87,December,SBE_DEC,Flesh,Dictyota,BT,Flesh,Flesh,0,1,1,0,0
D88,December,SBE_DEC,R,R,BT,Flesh,R,0,0,1,0,0
D89,December,SBE_DEC,Flesh,Dictyota,Flesh,Dictyota,Flesh,0,2,0,0,0
D90,December,SBE_DEC,Caulerpa,BT,Caulerpa,BT,Caulerpa,0,0,2,0,2
D91,December,SBE_DEC,BT,Caulerpa,Caulerpa,Caulerpa,Caulerpa,0,0,1,0,3
D92,December,SBE_DEC,BT,Flesh,Caulerpa,Caulerpa,Caulerpa,0,0,1,0,2
D93,December,SBE_DEC,ASCD,Flesh,Flesh,BT,Flesh,0,0,1,0,0
D94,December,SBW_DEC,Flesh,Flesh,Flesh,Flesh,Flesh,0,0,0,0,0
D95,December,SBW_DEC,Dictyota,MEH,MEH,MEH,MEH,0,1,0,3,0
D96,December,SBW_DEC,Flesh,ANH,Flesh,Flesh,Flesh,0,0,0,1,0
D97,December,SBW_DEC,Flesh,BT,Dictyota,Dictyota,Dictyota,0,2,1,0,0
D98,December,SBW_DEC,Caulerpa,Fol,Flesh,R,,0,0,0,0,1
D99,December,SBW_DEC,R,MPH,POH,R,R,0,0,0,2,0
D100,December,SBW_DEC,BT,Flesh,R,R,R,0,0,1,0,0
D101,December,SBW_DEC,Dictyota,Dictyota,Dictyota,Flesh,Dictyota,0,3,0,0,0
D102,December,SBW_DEC,Flesh,Caulerpa,Flesh,Caulerpa,Flesh,0,0,0,0,2
D103,December,SBW_DEC,R,RT,OBBH,Flesh,,1,0,0,1,0
D104,December,SBW_DEC,Dictyota,BT,Flesh,BT,BT,0,1,2,0,0
D105,December,SBW_DEC,POH,BT,BT,BT,BT,0,0,3,1,0
D106,December,SBW_DEC,Flesh,Flesh,PLH,Flesh,Flesh,0,0,0,1,0
D107,December,SBW_DEC,BT,Dictyota,Flesh,ASCD,,0,1,1,0,0
D108,December,SBW_DEC,PLH,BT,Flesh,Flesh,Flesh,0,0,1,1,0
D109,December,SBW_DEC,Dictyota,Dictyota,Dictyota,Dictyota,Dictyota,0,4,0,0,0
D110,December,SBW_DEC,Caulerpa,Flesh,Flesh,ANH,Flesh,0,0,0,1,1
D111,December,SBW_DEC,Flesh,Dictyota,Dictyota,MEH,Dictyota,0,2,0,1,0
D112,December,SBW_DEC,Caulerpa,Caulerpa,Caulerpa,Flesh,Caulerpa,0,0,0,0,3
D113,December,SBW_DEC,Dictyota,Dictyota,Dictyota,Dictyota,Dictyota,0,4,0,0,0
D114,December,SBW_DEC,Dictyota,Dictyota,BT,Caulerpa,Dictyota,0,2,1,0,1
D115,December,SBW_DEC,BT,GOH,BT,Dictyota,BT,0,1,2,1,0
D116,December,SBW_DEC,Caulerpa,Flesh,BT,ANH,,0,0,1,1,1
D117,December,SBW_DEC,Caulerpa,OBBH,Flesh,ANH,,0,0,0,2,1
D118,December,SBW_DEC,MEH,Dictyota,OBBH,Flesh,,0,1,0,2,0
D119,December,SBW_DEC,Dictyota,Flesh,Dictyota,S,Dictyota,0,2,0,0,0
D120,December,SBW_DEC,Dictyota,BT,Flesh,BT,BT,0,1,2,0,0
D121,December,SBW_DEC,Flesh,Dictyota,Dictyota,Dictyota,Dictyota,0,3,0,0,0
D122,December,SBW_DEC,MEH,MEH,BT,MEH,MEH,0,0,1,3,0
D123,December,SBW_DEC,BT,BT,BT,BT,BT,0,0,4,0,0
D124,December,SBW_DEC,R,OBBH,BT,Flesh,,0,0,1,1,0
D125,December,SBW_DEC,Dictyota,Dictyota,Dictyota,Dictyota,Dictyota,0,4,0,0,0
D126,December,SBW_DEC,Dictyota,Flesh,Dictyota,MEH,Dictyota,0,2,0,1,0
D127,December,SBW_DEC,BT,BT,BT,BT,BT,0,0,4,0,0
D128,December,SBW_DEC,S,BT,S,Flesh,S,0,0,1,0,0
D129,December,SBW_DEC,Flesh,Caulerpa,BT,BT,BT,0,0,2,0,1
D130,December,SBW_DEC,BT,BT,BT,BT,BT,0,0,4,0,0
D131,December,SBW_DEC,BT,BT,BT,BT,BT,0,0,4,0,0
D132,December,SBW_DEC,BT,BT,RT,S,BT,1,0,2,0,0
D133,December,SBW_DEC,Flesh,MEH,MEH,Flesh,Flesh,0,0,0,2,0
D134,December,SBW_DEC,BT,BT,BT,Flesh,BT,0,0,3,0,0
D135,December,SBW_DEC,Flesh,Flesh,MEH,MEH,Flesh,0,0,0,2,0
D136,December,SBW_DEC,Caulerpa,MPH,Caulerpa,Dictyota,Caulerpa,0,1,0,1,2
D137,December,SBW_DEC,BT,Flesh,BT,Flesh,BT,0,0,2,0,0
D138,December,SBW_DEC,Flesh,Flesh,Flesh,Flesh,Flesh,0,0,0,0,0
D139,December,SBW_DEC,S,RT,OBBH,Dictyota,,1,1,0,1,0
D140,December,SBW_DEC,RT,Dictyota,RT,Dictyota,RT,2,2,0,0,0
D141,December,SBW_DEC,Flesh,Flesh,Flesh,Flesh,Flesh,0,0,0,0,0
D142,December,SBW_DEC,BT,BT,Flesh,Flesh,BT,0,0,2,0,0
D143,December,SBW_DEC,BT,BT,RT,BT,BT,1,0,3,0,0
D144,December,SBW_DEC,Flesh,Dictyota,Flesh,S,Flesh,0,1,0,0,0
D145,December,SBW_DEC,BT,BT,Flesh,BT,BT,0,0,3,0,0
D146,December,SBW_DEC,PLH,Flesh,BT,R,,0,0,1,1,0
D147,December,SBW_DEC,Flesh,Caulerpa,Flesh,Flesh,Flesh,0,0,0,0,1
D148,December,SBE_DEC,Dictyota,MEH,Dictyota,Dictyota,Dictyota,0,3,0,1,0
D149,December,SBE_DEC,BT,BT,BT,Dictyota,BT,0,1,3,0,0
D150,December,SBE_DEC,Caulerpa,Caulerpa,Caulerpa,Caulerpa,Caulerpa,0,0,0,0,4
D151,December,SBE_DEC,Flesh,BT,Caulerpa,Caulerpa,Caulerpa,0,0,1,0,2
D152,December,SBE_DEC,Caulerpa,Flesh,Caulerpa,Flesh,Caulerpa,0,0,0,0,2
D153,December,SBE_DEC,BT,BT,BT,BT,BT,0,0,4,0,0
D154,December,SBE_DEC,Caulerpa,Caulerpa,Caulerpa,Caulerpa,Caulerpa,0,0,0,0,4
D155,December,SBE_DEC,ABH,Dictyota,ABH,Dictyota,ABH,0,2,0,2,0
D156,December,SBE_DEC,BT,BT,BT,BT,BT,0,0,4,0,0
D157,December,SBE_DEC,BT,Dictyota,BT,Dictyota,BT,0,2,2,0,0
D158,December,SBE_DEC,MEH,GT,BT,BT,BT,0,0,2,1,0
D159,December,SBE_DEC,Flesh,MEH,BT,MEH,MEH,0,0,1,2,0
D160,December,SBE_DEC,BT,Flesh,MEH,Flesh,Flesh,0,0,1,1,0
D161,December,SBE_DEC,BT,BT,MEH,Dictyota,BT,0,1,2,1,0
D162,December,SBE_DEC,BT,POH,Flesh,BT,BT,0,0,2,1,0
D163,December,SBE_DEC,BT,Flesh,Flesh,Flesh,Flesh,0,0,1,0,0
D164,December,EB_DEC,MEH,MEH,OBBH,MEH,MEH,0,0,0,4,0
D165,December,EB_DEC,Dictyota,Dictyota,R,R,Dictyota,0,2,0,0,0
D166,December,EB_DEC,MEH,OBBH,MEH,MEH,MEH,0,0,0,4,0
D167,December,EB_DEC,Dictyota,Dictyota,Dictyota,Dictyota,Dictyota,0,4,0,0,0
D168,December,EB_DEC,Flesh,Flesh,BT,BT,Flesh,0,0,2,0,0
D169,December,EB_DEC,Dictyota,GT,Dictyota,Dictyota,Dictyota,0,3,0,0,0
D170,December,EB_DEC,MEH,GT,MEH,MEH,MEH,0,0,0,3,0
D171,December,EB_DEC,GT,GT,Caulerpa,Dictyota,GT,0,1,0,0,1
D172,December,EB_DEC,GT,GT,Flesh,GT,GT,0,0,0,0,0
D173,December,EB_DEC,Caulerpa,Caulerpa,Dictyota,GT,Caulerpa,0,1,0,0,2
D174,December,EB_DEC,S,RT,Caulerpa,BT,,1,0,1,0,1
D175,December,SBW_DEC,BT,OBBH,BT,BT,BT,0,0,3,1,0
D176,December,SBW_DEC,BT,Flesh,BT,BT,BT,0,0,3,0,0
D177,December,SBW_DEC,BT,BT,Flesh,Flesh,BT,0,0,2,0,0
D178,December,SBW_DEC,GT,BT,BT,R,BT,0,0,2,0,0
D179,December,SBW_DEC,Flesh,Flesh,Flesh,MEH,Flesh,0,0,0,1,0
D180,December,SBW_DEC,POH,Flesh,BT,Flesh,Flesh,0,0,1,1,0
D181,December,SBW_DEC,BT,BT,Flesh,Dictyota,BT,0,1,2,0,0
D182,December,SBW_DEC,BT,PLH,BT,GT,BT,0,0,2,1,0
D183,December,SBW_DEC,Flesh,BT,Flesh,Flesh,Flesh,0,0,1,0,0
D184,December,SBW_DEC,Flesh,Flesh,Flesh,Flesh,Flesh,0,0,0,0,0
D185,December,SBW_DEC,BT,BT,BT,Flesh,BT,0,0,3,0,0
D186,December,SBW_DEC,BT,POH,POH,BT,BT,0,0,2,2,0
D187,December,SBW_DEC,BT,BT,Flesh,Flesh,BT,0,0,2,0,0
D188,December,SBW_DEC,Flesh,Flesh,BT,BT,Flesh,0,0,2,0,0
D189,December,SBW_DEC,S,Dictyota,Dictyota,Dictyota,Dictyota,0,3,0,0,0
D190,December,SBW_DEC,BT,Flesh,BT,Flesh,BT,0,0,2,0,0
D191,December,SBW_DEC,BT,BT,ANH,Flesh,BT,0,0,2,1,0
D192,December,SBW_DEC,BT,Flesh,POH,Flesh,Flesh,0,0,1,1,0
D193,December,SBW_DEC,Flesh,PLH,Flesh,OBBH,Flesh,0,0,0,2,0
D194,December,SBW_DEC,R,Flesh,Flesh,Flesh,Flesh,0,0,0,0,0
D195,December,SBW_DEC,GT,Flesh,Caulerpa,BT,,0,0,1,0,1
D196,December,SBW_DEC,Flesh,RT,S,BT,,1,0,1,0,0
D197,December,SBW_DEC,BT,BT,BT,BT,BT,0,0,4,0,0
D198,December,SBW_DEC,BT,BT,GOH,BT,BT,0,0,3,1,0
D199,December,SBW_DEC,BT,BT,BT,BT,BT,0,0,4,0,0
D200,December,SBW_DEC,GOH,BT,PLH,BT,BT,0,0,2,2,0
D201,December,SBW_DEC,PLH,GT,Flesh,BT,,0,0,1,1,0
D202,December,SBW_DEC,Dictyota,BT,Caulerpa,Flesh,,0,1,1,0,1
D203,December,SBW_DEC,Flesh,BT,BT,OBBH,BT,0,0,2,1,0
D204,December,SBW_DEC,Dictyota,Dictyota,BT,Dictyota,Dictyota,0,3,1,0,0
D205,December,SBW_DEC,BT,BT,BT,BT,BT,0,0,4,0,0
D206,December,SBW_DEC,Dictyota,Dictyota,BT,Dictyota,Dictyota,0,3,1,0,0
D207,December,SBW_DEC,Caulerpa,Caulerpa,Caulerpa,Caulerpa,Caulerpa,0,0,0,0,4
D208,December,SBW_DEC,Caulerpa,Caulerpa,Caulerpa,Caulerpa,Caulerpa,0,0,0,0,4
D209,December,SBW_DEC,Flesh,Flesh,Flesh,Flesh,Flesh,0,0,0,0,0
D210,December,SBW_DEC,OBBH,Flesh,Flesh,Flesh,Flesh,0,0,0,1,0
D211,December,SBW_DEC,R,Flesh,Flesh,Flesh,Flesh,0,0,0,0,0
D212,December,SBW_DEC,Flesh,Flesh,Flesh,RT,Flesh,1,0,0,0,0
D213,December,SBW_DEC,Flesh,OBBH,Flesh,Flesh,Flesh,0,0,0,1,0
D214,December,SBW_DEC,BT,BT,BT,BT,BT,0,0,4,0,0
D215,December,SBW_DEC,R,BT,Flesh,Flesh,Flesh,0,0,1,0,0
D216,December,SBW_DEC,Flesh,Flesh,Flesh,Flesh,Flesh,0,0,0,0,0
D217,December,SBW_DEC,Flesh,Flesh,OBBH,Flesh,Flesh,0,0,0,1,0
D218,December,SBW_DEC,Flesh,BT,Flesh,BT,Flesh,0,0,2,0,0
D219,December,SBW_DEC,BT,bT,BT,BT,BT,0,0,4,0,0
D220,December,SBW_DEC,PLH,BT,BT,R,BT,0,0,2,1,0
D221,December,SBW_DEC,BT,BT,R,R,BT,0,0,2,0,0
D222,December,CB_DEC,Dictyota,Dictyota,Flesh,Flesh,Dictyota,0,2,0,0,0
D223,December,CB_DEC,BT,Caulerpa,Flesh,POH,,0,0,1,1,1
D224,December,CB_DEC,Caulerpa,Caulerpa,Caulerpa,Caulerpa,Caulerpa,0,0,0,0,4
D225,December,CB_DEC,Flesh,Caulerpa,Caulerpa,Caulerpa,Caulerpa,0,0,0,0,3
D226,December,CB_DEC,Caulerpa,Caulerpa,Caulerpa,ABH,Caulerpa,0,0,0,1,3
D227,December,CB_DEC,Caulerpa,Caulerpa,ABH,Caulerpa,Caulerpa,0,0,0,1,3
D228,December,CB_DEC,PLH,Dictyota,Caulerpa,Flesh,,0,1,0,1,1
D229,December,CB_DEC,Flesh,Dictyota,MEH,MEH,MEH,0,1,0,2,0
D230,December,CB_DEC,Caulerpa,Caulerpa,Caulerpa,Caulerpa,Caulerpa,0,0,0,0,4
D231,December,CB_DEC,ABH,ABH,ANH,ABH,ABH,0,0,0,4,0
D232,December,CB_DEC,Dictyota,Caulerpa,Caulerpa,Caulerpa,Caulerpa,0,1,0,0,3
D233,December,CB_DEC,Caulerpa,Flesh,Caulerpa,Flesh,Caulerpa,0,0,0,0,2
D234,December,CB_DEC,Flesh,Flesh,Dictyota,Dictyota,Flesh,0,2,0,0,0
D235,December,CB_DEC,Caulerpa,Caulerpa,Caulerpa,Caulerpa,Caulerpa,0,0,0,0,4
D236,December,CB_DEC,Flesh,Caulerpa,Flesh,Dictyota,Flesh,0,1,0,0,1
D237,December,CB_DEC,Dictyota,Caulerpa,Caulerpa,Caulerpa,Caulerpa,0,1,0,0,3
D238,December,CB_DEC,Flesh,R,Flesh,Flesh,Flesh,0,0,0,0,0
D239,December,CB_DEC,Caulerpa,Caulerpa,R,Caulerpa,Caulerpa,0,0,0,0,3
D240,December,CB_DEC,Caulerpa,Caulerpa,Caulerpa,R,Caulerpa,0,0,0,0,3
D241,December,CB_DEC,Caulerpa,Caulerpa,Caulerpa,Caulerpa,Caulerpa,0,0,0,0,4
D242,December,CB_DEC,Caulerpa,Caulerpa,GOH,Caulerpa,Caulerpa,0,0,0,1,3
D243,December,CB_DEC,Rock,Flesh,Flesh,Flesh,Flesh,0,0,0,0,0
D244,December,CB_DEC,Flesh,Caulerpa,Flesh,Flesh,Flesh,0,0,0,0,1
D245,December,CB_DEC,Caulerpa,Caulerpa,Caulerpa,GOH,Caulerpa,0,0,0,1,3
D246,December,CB_DEC,MEH,Dictyota,MEH,MEH,MEH,0,1,0,3,0
D247,December,CB_DEC,Caulerpa,Caulerpa,Caulerpa,Caulerpa,Caulerpa,0,0,0,0,4
D248,December,CB_DEC,Caulerpa,R,Caulerpa,Dictyota,Caulerpa,0,1,0,0,2
D249,December,CB_DEC,R,R,R,MEH,R,0,0,0,1,0
D250,December,CB_DEC,R,MEH,R,R,R,0,0,0,1,0
D251,December,CB_DEC,R,MEH,MEH,MEH,MEH,0,0,0,3,0
D252,December,CB_DEC,Flesh,ACA,Flesh,MEH,Flesh,0,0,0,1,0
D253,December,CB_DEC,ANH,Caulerpa,Flesh,ABH,,0,0,0,2,1
D254,December,CB_DEC,Caulerpa,ABH,ABH,ABH,ABH,0,0,0,3,1
D255,December,CB_DEC,ABH,ABH,Caulerpa,Caulerpa,ABH,0,0,0,2,2
D256,December,CB_DEC,R,R,R,ABH,R,0,0,0,1,0
D257,December,CB_DEC,Flesh,OBBH,Flesh,Flesh,Flesh,0,0,0,1,0
D258,December,CB_DEC,Caulerpa,Flesh,R,R,R,0,0,0,0,1
D259,December,CB_DEC,ANH,ANH,R,R,ANH,0,0,0,2,0
D260,December,CB_DEC,Flesh,Flesh,Dictyota,Flesh,Flesh,0,1,0,0,0
D261,December,CB_DEC,Flesh,Caulerpa,Caulerpa,Caulerpa,Caulerpa,0,0,0,0,3
D262,December,CB_DEC,Dictyota,Dictyota,ACA,Caulerpa,Dictyota,0,2,0,0,1
D263,December,CB_DEC,MEH,MEH,Caulerpa,Caulerpa,MEH,0,0,0,2,2
D264,December,CB_DEC,Flesh,Caulerpa,Caulerpa,OBBH,Caulerpa,0,0,0,1,2
D265,December,CB_DEC,POH,Caulerpa,POH,PLH,POH,0,0,0,3,1
D266,December,CB_DEC,Caulerpa,Flesh,ANH,ANH,ANH,0,0,0,2,1
D267,December,CB_DEC,Caulerpa,Flesh,Caulerpa,Flesh,Caulerpa,0,0,0,0,2
D268,December,CB_DEC,MEH,Flesh,R,MEH,MEH,0,0,0,2,0
D269,December,CB_DEC,MEH,MEH,Flesh,MEH,MEH,0,0,0,3,0
D270,December,CB_DEC,MEH,MEH,ACA,MEH,MEH,0,0,0,3,0
D271,December,CB_DEC,Flesh,MPH,Caulerpa,Flesh,Flesh,0,0,0,1,1
D272,December,CB_DEC,Flesh,Flesh,GOH,ACA,Flesh,0,0,0,1,0
D273,December,CB_DEC,BT,MEH,Flesh,Flesh,Flesh,0,0,1,1,0
D274,December,CB_DEC,Caulerpa,Caulerpa,Caulerpa,Caulerpa,Caulerpa,0,0,0,0,4
D275,December,CB_DEC,Caulerpa,Caulerpa,ACA,Caulerpa,Caulerpa,0,0,0,0,3
D276,December,CB_DEC,Flesh,Caulerpa,R,Caulerpa,Caulerpa,0,0,0,0,2
D277,December,CB_DEC,POH,MEH,OBBH,OBBH,OBBH,0,0,0,4,0
D278,December,CB_DEC,Flesh,Flesh,Dictyota,GOH,Flesh,0,1,0,1,0
D279,December,CB_DEC,Flesh,Flesh,Caulerpa,Caulerpa,Flesh,0,0,0,0,2
D280,December,CB_DEC,Flesh,Flesh,Flesh,Flesh,Flesh,0,0,0,0,0
D281,December,CB_DEC,GOH,Flesh,Flesh,soft,Flesh,0,0,0,1,0
D282,December,CB_DEC,MEH,Flesh,Flesh,Caulerpa,Flesh,0,0,0,1,1
D283,December,CB_DEC,Flesh,Flesh,Flesh,Flesh,Flesh,0,0,0,0,0
D284,December,CB_DEC,Flesh,Flesh,Flesh,Urchin,Flesh,0,0,0,0,0
D285,December,CB_DEC,Caulerpa,R,R,R,R,0,0,0,0,1
D286,December,CB_DEC,MEH,ACA,Dictyota,Flesh,,0,1,0,1,0
D287,December,CB_DEC,ACA,ACA,Flesh,Flesh,ACA,0,0,0,0,0
D288,December,CB_DEC,Flesh,Flesh,Caulerpa,Flesh,Flesh,0,0,0,0,1
D289,December,CB_DEC,ACA,Flesh,Caulerpa,Caulerpa,Caulerpa,0,0,0,0,2
D290,December,CB_DEC,Caulerpa,Flesh,Caulerpa,Caulerpa,Caulerpa,0,0,0,0,3
D291,December,CB_DEC,Flesh,OBBH,Caulerpa,ACA,,0,0,0,1,1
D292,December,CB_DEC,Flesh,MEH,Dictyota,MEH,MEH,0,1,0,2,0
D293,December,CB_DEC,Caulerpa,Flesh,Flesh,Flesh,Flesh,0,0,0,0,1
D294,December,CB_DEC,Flesh,Flesh,Flesh,OBBH,Flesh,0,0,0,1,0
D295,December,CB_DEC,Flesh,Flesh,Dictyota,PLH,Flesh,0,1,0,1,0
D296,December,CB_DEC,Dictyota,MEH,Dictyota,MEH,Dictyota,0,2,0,2,0
D297,December,CB_DEC,S,ANH,Flesh,Flesh,Flesh,0,0,0,1,0
D298,December,CB_DEC,Flesh,Flesh,Flesh,Flesh,Flesh,0,0,0,0,0
D299,December,CB_DEC,Flesh,S,Flesh,R,Flesh,0,0,0,0,0
D300,December,CB_DEC,ACA,Dictyota,ACA,Flesh,ACA,0,1,0,0,0
D301,December,CB_DEC,Flesh,ACA,Flesh,MEH,Flesh,0,0,0,1,0
D302,December,CB_DEC,Flesh,PLH,Caulerpa,Caulerpa,Caulerpa,0,0,0,1,2
D303,December,CB_DEC,ACA,Dictyota,MEH,Fol,,0,1,0,1,0
D304,December,CB_DEC,MEH,MEH,MEH,Flesh,MEH,0,0,0,3,0
D305,December,CB_DEC,Flesh,Flesh,Flesh,RT,Flesh,1,0,0,0,0
D306,December,CB_DEC,Flesh,Caulerpa,Dictyota,Dictyota,Dictyota,0,2,0,0,1
